{"cameraMode":{"drawMode":0,"name":"Shaded","section":"Shading Mode"},"sceneLighting":false,"audioPlay":false,"sceneViewState":{"m_AlwaysRefresh":false,"showFog":true,"showSkybox":false,"showFlares":true,"showImageEffects":true,"showParticleSystems":true,"showVisualEffectGraphs":true,"m_FxEnabled":true},"in2DMode":false,"pivot":{"x":6.571681022644043,"y":1.4931542873382569,"z":-0.35817068815231326},"rotation":{"x":0.04841966927051544,"y":-0.6586874723434448,"z":0.0425444059073925,"w":0.7496519684791565},"size":0.4045318067073822,"orthographic":false}