{"cameraMode":{"drawMode":0,"name":"Shaded","section":"Shading Mode"},"sceneLighting":false,"audioPlay":false,"sceneViewState":{"m_AlwaysRefresh":false,"showFog":true,"showSkybox":false,"showFlares":true,"showImageEffects":true,"showParticleSystems":true,"showVisualEffectGraphs":true,"m_FxEnabled":true},"in2DMode":false,"pivot":{"x":6.988600730895996,"y":3.8743343353271486,"z":32.917118072509769},"rotation":{"x":0.00449997466057539,"y":0.002101962687447667,"z":-0.000009462997695663944,"w":0.9999880790710449},"size":1.855391263961792,"orthographic":false}