{"cameraMode":{"drawMode":0,"name":"Shaded","section":"Shading Mode"},"sceneLighting":true,"audioPlay":false,"sceneViewState":{"m_AlwaysRefresh":false,"showFog":true,"showSkybox":true,"showFlares":true,"showImageEffects":true,"showParticleSystems":true,"showVisualEffectGraphs":true,"m_FxEnabled":true},"in2DMode":false,"pivot":{"x":-8.03124713897705,"y":7.931901454925537,"z":-0.21232318878173829},"rotation":{"x":0.00480955233797431,"y":-0.0045042517594993118,"z":0.00002120036333508324,"w":0.9999811053276062},"size":17.51592445373535,"orthographic":false}