{"cameraMode":{"drawMode":0,"name":"Shaded","section":"Shading Mode"},"sceneLighting":false,"audioPlay":false,"sceneViewState":{"m_AlwaysRefresh":false,"showFog":true,"showSkybox":false,"showFlares":true,"showImageEffects":true,"showParticleSystems":true,"showVisualEffectGraphs":true,"m_FxEnabled":true},"in2DMode":false,"pivot":{"x":30.012157440185548,"y":0.9440231323242188,"z":0.006051063537597656},"rotation":{"x":-0.017397230491042138,"y":-0.005998797714710236,"z":-0.00010438245953992009,"w":0.9998319149017334},"size":1.8920502662658692,"orthographic":false}