{"cameraMode":{"drawMode":0,"name":"Shaded","section":"Shading Mode"},"sceneLighting":false,"audioPlay":false,"sceneViewState":{"m_AlwaysRefresh":false,"showFog":true,"showSkybox":false,"showFlares":true,"showImageEffects":true,"showParticleSystems":true,"showVisualEffectGraphs":true,"m_FxEnabled":true},"in2DMode":false,"pivot":{"x":35.43788528442383,"y":0.8953722715377808,"z":-4.779999732971191},"rotation":{"x":0.00449997466057539,"y":0.002101962687447667,"z":-0.000009462997695663944,"w":0.9999880790710449},"size":7.127572536468506,"orthographic":false}