{"cameraMode":{"drawMode":0,"name":"Shaded","section":"Shading Mode"},"sceneLighting":false,"audioPlay":false,"sceneViewState":{"m_AlwaysRefresh":false,"showFog":true,"showSkybox":false,"showFlares":true,"showImageEffects":true,"showParticleSystems":true,"showVisualEffectGraphs":true,"m_FxEnabled":true},"in2DMode":false,"pivot":{"x":2.0952906608581545,"y":0.9043401479721069,"z":8.032971382141114},"rotation":{"x":0.00449997466057539,"y":0.002101962687447667,"z":-0.000009462997695663944,"w":0.9999880790710449},"size":3.357766628265381,"orthographic":false}