{"cameraMode":{"drawMode":0,"name":"Shaded","section":"Shading Mode"},"sceneLighting":false,"audioPlay":false,"sceneViewState":{"m_AlwaysRefresh":false,"showFog":true,"showSkybox":false,"showFlares":true,"showImageEffects":true,"showParticleSystems":true,"showVisualEffectGraphs":true,"m_FxEnabled":true},"in2DMode":false,"pivot":{"x":-9.524999618530274,"y":-0.02200007438659668,"z":3.6740000247955324},"rotation":{"x":0.00449997466057539,"y":0.002101962687447667,"z":-0.000009462997695663944,"w":0.9999880790710449},"size":4.048952579498291,"orthographic":false}